debugPL1PKD:debug6E2SUN,0,1649943204818,"{""phase"": ""INSTRUCTIONS"", ""templates"": [""instructions/instruct_1.html"", ""instructions/instruct_2.html"", ""instructions/instruct_3f.html"", ""instructions/instruct_4m.html"", ""instructions/instruct_5.html"", ""instructions/instruct_6.html"", ""instructions/instruct_7f.html"", ""instructions/instruct_8.html""], ""action"": ""Begin""}"
debugPL1PKD:debug6E2SUN,1,1649943206582,"{""phase"": ""INSTRUCTIONS"", ""template"": ""instructions/instruct_1.html"", ""indexOf"": 0, ""action"": ""NextPage"", ""viewTime"": 1761}"
debugPL1PKD:debug6E2SUN,2,1649943207428,"{""phase"": ""INSTRUCTIONS"", ""template"": ""instructions/instruct_2.html"", ""indexOf"": 1, ""action"": ""NextPage"", ""viewTime"": 844}"
debugPL1PKD:debug6E2SUN,3,1649943208015,"{""phase"": ""INSTRUCTIONS"", ""template"": ""instructions/instruct_3f.html"", ""indexOf"": 2, ""action"": ""NextPage"", ""viewTime"": 585}"
debugPL1PKD:debug6E2SUN,4,1649943209398,"{""phase"": ""INSTRUCTIONS"", ""template"": ""instructions/instruct_4m.html"", ""indexOf"": 3, ""action"": ""NextPage"", ""viewTime"": 1381}"
debugPL1PKD:debug6E2SUN,5,1649943210484,"{""phase"": ""INSTRUCTIONS"", ""template"": ""instructions/instruct_5.html"", ""indexOf"": 4, ""action"": ""NextPage"", ""viewTime"": 1084}"
debugPL1PKD:debug6E2SUN,6,1649943211609,"{""phase"": ""INSTRUCTIONS"", ""template"": ""instructions/instruct_6.html"", ""indexOf"": 5, ""action"": ""NextPage"", ""viewTime"": 1124}"
debugPL1PKD:debug6E2SUN,7,1649943213610,"{""phase"": ""INSTRUCTIONS"", ""template"": ""instructions/instruct_7f.html"", ""indexOf"": 6, ""action"": ""NextPage"", ""viewTime"": 2000}"
debugPL1PKD:debug6E2SUN,8,1649943214715,"{""phase"": ""INSTRUCTIONS"", ""template"": ""instructions/instruct_8.html"", ""indexOf"": 7, ""action"": ""FinishInstructions"", ""viewTime"": 1104}"
debugD3KZJJ:debugP64UGK,0,1649943444686,"{""action"": ""Begin"", ""phase"": ""INSTRUCTIONS"", ""templates"": [""instructions/instruct_1.html"", ""instructions/instruct_2.html"", ""instructions/instruct_3c.html"", ""instructions/instruct_4f.html"", ""instructions/instruct_5.html"", ""instructions/instruct_6.html"", ""instructions/instruct_8.html""]}"
debugD3KZJJ:debugP64UGK,1,1649943445920,"{""action"": ""NextPage"", ""indexOf"": 0, ""phase"": ""INSTRUCTIONS"", ""template"": ""instructions/instruct_1.html"", ""viewTime"": 1232}"
debugD3KZJJ:debugP64UGK,2,1649943446586,"{""action"": ""NextPage"", ""indexOf"": 1, ""phase"": ""INSTRUCTIONS"", ""template"": ""instructions/instruct_2.html"", ""viewTime"": 664}"
debugD3KZJJ:debugP64UGK,3,1649943447173,"{""action"": ""NextPage"", ""indexOf"": 2, ""phase"": ""INSTRUCTIONS"", ""template"": ""instructions/instruct_3c.html"", ""viewTime"": 585}"
debugD3KZJJ:debugP64UGK,4,1649943448305,"{""action"": ""NextPage"", ""indexOf"": 3, ""phase"": ""INSTRUCTIONS"", ""template"": ""instructions/instruct_4f.html"", ""viewTime"": 1130}"
debugD3KZJJ:debugP64UGK,5,1649943449356,"{""action"": ""NextPage"", ""indexOf"": 4, ""phase"": ""INSTRUCTIONS"", ""template"": ""instructions/instruct_5.html"", ""viewTime"": 1049}"
debugD3KZJJ:debugP64UGK,6,1649943450356,"{""action"": ""NextPage"", ""indexOf"": 5, ""phase"": ""INSTRUCTIONS"", ""template"": ""instructions/instruct_6.html"", ""viewTime"": 999}"
debugD3KZJJ:debugP64UGK,7,1649943451528,"{""action"": ""FinishInstructions"", ""indexOf"": 6, ""phase"": ""INSTRUCTIONS"", ""template"": ""instructions/instruct_8.html"", ""viewTime"": 1171}"
debugD3KZJJ:debugP64UGK,8,1649943524474,"{""phase"": ""INSTRUCTIONS"", ""templates"": [""instructions/instruct_1.html"", ""instructions/instruct_2.html"", ""instructions/instruct_3c.html"", ""instructions/instruct_4f.html"", ""instructions/instruct_5.html"", ""instructions/instruct_6.html"", ""instructions/instruct_8.html""], ""action"": ""Begin""}"
debugD3KZJJ:debugP64UGK,9,1649943525299,"{""phase"": ""INSTRUCTIONS"", ""template"": ""instructions/instruct_1.html"", ""indexOf"": 0, ""action"": ""NextPage"", ""viewTime"": 823}"
debugD3KZJJ:debugP64UGK,10,1649943525849,"{""phase"": ""INSTRUCTIONS"", ""template"": ""instructions/instruct_2.html"", ""indexOf"": 1, ""action"": ""NextPage"", ""viewTime"": 547}"
debugD3KZJJ:debugP64UGK,11,1649943526643,"{""phase"": ""INSTRUCTIONS"", ""template"": ""instructions/instruct_3c.html"", ""indexOf"": 2, ""action"": ""NextPage"", ""viewTime"": 793}"
debugD3KZJJ:debugP64UGK,12,1649943528005,"{""phase"": ""INSTRUCTIONS"", ""template"": ""instructions/instruct_4f.html"", ""indexOf"": 3, ""action"": ""NextPage"", ""viewTime"": 1360}"
debugD3KZJJ:debugP64UGK,13,1649943528917,"{""phase"": ""INSTRUCTIONS"", ""template"": ""instructions/instruct_5.html"", ""indexOf"": 4, ""action"": ""NextPage"", ""viewTime"": 910}"
debugD3KZJJ:debugP64UGK,14,1649943529808,"{""phase"": ""INSTRUCTIONS"", ""template"": ""instructions/instruct_6.html"", ""indexOf"": 5, ""action"": ""NextPage"", ""viewTime"": 890}"
debugD3KZJJ:debugP64UGK,15,1649943530874,"{""phase"": ""INSTRUCTIONS"", ""template"": ""instructions/instruct_8.html"", ""indexOf"": 6, ""action"": ""FinishInstructions"", ""viewTime"": 1065}"
debugUEPEPG:debugSYH5ZZ,0,1649946070726,"{""action"": ""Begin"", ""phase"": ""INSTRUCTIONS"", ""templates"": [""instructions/instruct_1.html"", ""instructions/instruct_2.html"", ""instructions/instruct_4f.html"", ""instructions/instruct_5.html"", ""instructions/instruct_6c.html"", ""instructions/instruct_8.html""]}"
debugUEPEPG:debugSYH5ZZ,1,1649946072306,"{""action"": ""NextPage"", ""indexOf"": 0, ""phase"": ""INSTRUCTIONS"", ""template"": ""instructions/instruct_1.html"", ""viewTime"": 1577}"
debugUEPEPG:debugSYH5ZZ,2,1649946072982,"{""action"": ""NextPage"", ""indexOf"": 1, ""phase"": ""INSTRUCTIONS"", ""template"": ""instructions/instruct_2.html"", ""viewTime"": 674}"
debugUEPEPG:debugSYH5ZZ,3,1649946075944,"{""action"": ""NextPage"", ""indexOf"": 2, ""phase"": ""INSTRUCTIONS"", ""template"": ""instructions/instruct_4f.html"", ""viewTime"": 2960}"
debugUEPEPG:debugSYH5ZZ,4,1649946083281,"{""action"": ""NextPage"", ""indexOf"": 3, ""phase"": ""INSTRUCTIONS"", ""template"": ""instructions/instruct_5.html"", ""viewTime"": 7334}"
debugUEPEPG:debugSYH5ZZ,5,1649946086477,"{""action"": ""NextPage"", ""indexOf"": 4, ""phase"": ""INSTRUCTIONS"", ""template"": ""instructions/instruct_6c.html"", ""viewTime"": 3194}"
debugUEPEPG:debugSYH5ZZ,6,1649946089083,"{""action"": ""FinishInstructions"", ""indexOf"": 5, ""phase"": ""INSTRUCTIONS"", ""template"": ""instructions/instruct_8.html"", ""viewTime"": 2605}"
debugUEPEPG:debugSYH5ZZ,7,1649946119096,"{""action"": ""Begin"", ""phase"": ""INSTRUCTIONS"", ""templates"": [""instructions/instruct_1.html"", ""instructions/instruct_2.html"", ""instructions/instruct_4f.html"", ""instructions/instruct_5.html"", ""instructions/instruct_6c.html"", ""instructions/instruct_8.html""]}"
debugUEPEPG:debugSYH5ZZ,8,1649946119830,"{""action"": ""NextPage"", ""indexOf"": 0, ""phase"": ""INSTRUCTIONS"", ""template"": ""instructions/instruct_1.html"", ""viewTime"": 732}"
debugUEPEPG:debugSYH5ZZ,9,1649946121075,"{""action"": ""NextPage"", ""indexOf"": 1, ""phase"": ""INSTRUCTIONS"", ""template"": ""instructions/instruct_2.html"", ""viewTime"": 1243}"
debugUEPEPG:debugSYH5ZZ,10,1649946121893,"{""action"": ""NextPage"", ""indexOf"": 2, ""phase"": ""INSTRUCTIONS"", ""template"": ""instructions/instruct_4f.html"", ""viewTime"": 816}"
debugUEPEPG:debugSYH5ZZ,11,1649946122843,"{""action"": ""NextPage"", ""indexOf"": 3, ""phase"": ""INSTRUCTIONS"", ""template"": ""instructions/instruct_5.html"", ""viewTime"": 949}"
debugUEPEPG:debugSYH5ZZ,12,1649946124083,"{""action"": ""NextPage"", ""indexOf"": 4, ""phase"": ""INSTRUCTIONS"", ""template"": ""instructions/instruct_6c.html"", ""viewTime"": 1237}"
debugUEPEPG:debugSYH5ZZ,13,1649946125240,"{""action"": ""FinishInstructions"", ""indexOf"": 5, ""phase"": ""INSTRUCTIONS"", ""template"": ""instructions/instruct_8.html"", ""viewTime"": 1155}"
debugUEPEPG:debugSYH5ZZ,14,1649946129779,"{""action"": ""Begin"", ""phase"": ""INSTRUCTIONS"", ""templates"": [""instructions/instruct_1.html"", ""instructions/instruct_2.html"", ""instructions/instruct_4f.html"", ""instructions/instruct_5.html"", ""instructions/instruct_6c.html"", ""instructions/instruct_8.html""]}"
debugUEPEPG:debugSYH5ZZ,15,1649946130624,"{""action"": ""NextPage"", ""indexOf"": 0, ""phase"": ""INSTRUCTIONS"", ""template"": ""instructions/instruct_1.html"", ""viewTime"": 843}"
debugUEPEPG:debugSYH5ZZ,16,1649946131147,"{""action"": ""NextPage"", ""indexOf"": 1, ""phase"": ""INSTRUCTIONS"", ""template"": ""instructions/instruct_2.html"", ""viewTime"": 520}"
debugUEPEPG:debugSYH5ZZ,17,1649946132152,"{""action"": ""NextPage"", ""indexOf"": 2, ""phase"": ""INSTRUCTIONS"", ""template"": ""instructions/instruct_4f.html"", ""viewTime"": 1002}"
debugUEPEPG:debugSYH5ZZ,18,1649946133063,"{""action"": ""NextPage"", ""indexOf"": 3, ""phase"": ""INSTRUCTIONS"", ""template"": ""instructions/instruct_5.html"", ""viewTime"": 909}"
debugUEPEPG:debugSYH5ZZ,19,1649946134123,"{""action"": ""NextPage"", ""indexOf"": 4, ""phase"": ""INSTRUCTIONS"", ""template"": ""instructions/instruct_6c.html"", ""viewTime"": 1057}"
debugUEPEPG:debugSYH5ZZ,20,1649946135208,"{""action"": ""FinishInstructions"", ""indexOf"": 5, ""phase"": ""INSTRUCTIONS"", ""template"": ""instructions/instruct_8.html"", ""viewTime"": 1084}"
debugUEPEPG:debugSYH5ZZ,21,1649946154619,"{""phase"": ""INSTRUCTIONS"", ""templates"": [""instructions/instruct_1.html"", ""instructions/instruct_2.html"", ""instructions/instruct_4f.html"", ""instructions/instruct_5.html"", ""instructions/instruct_6c.html"", ""instructions/instruct_8.html""], ""action"": ""Begin""}"
debugUEPEPG:debugSYH5ZZ,22,1649946155419,"{""phase"": ""INSTRUCTIONS"", ""template"": ""instructions/instruct_1.html"", ""indexOf"": 0, ""action"": ""NextPage"", ""viewTime"": 798}"
debugUEPEPG:debugSYH5ZZ,23,1649946156031,"{""phase"": ""INSTRUCTIONS"", ""template"": ""instructions/instruct_2.html"", ""indexOf"": 1, ""action"": ""NextPage"", ""viewTime"": 610}"
debugUEPEPG:debugSYH5ZZ,24,1649946157085,"{""phase"": ""INSTRUCTIONS"", ""template"": ""instructions/instruct_4f.html"", ""indexOf"": 2, ""action"": ""NextPage"", ""viewTime"": 1052}"
debugUEPEPG:debugSYH5ZZ,25,1649946158069,"{""phase"": ""INSTRUCTIONS"", ""template"": ""instructions/instruct_5.html"", ""indexOf"": 3, ""action"": ""NextPage"", ""viewTime"": 982}"
debugUEPEPG:debugSYH5ZZ,26,1649946159030,"{""phase"": ""INSTRUCTIONS"", ""template"": ""instructions/instruct_6c.html"", ""indexOf"": 4, ""action"": ""NextPage"", ""viewTime"": 959}"
debugUEPEPG:debugSYH5ZZ,27,1649946159964,"{""phase"": ""INSTRUCTIONS"", ""template"": ""instructions/instruct_8.html"", ""indexOf"": 5, ""action"": ""FinishInstructions"", ""viewTime"": 933}"
debugV19HFW:debug5VO74P,0,1649946218075,"{""phase"": ""INSTRUCTIONS"", ""templates"": [""instructions/instruct_1.html"", ""instructions/instruct_2.html"", ""instructions/instruct_4m.html"", ""instructions/instruct_5.html"", ""instructions/instruct_6c.html"", ""instructions/instruct_8.html""], ""action"": ""Begin""}"
debugV19HFW:debug5VO74P,1,1649946219195,"{""phase"": ""INSTRUCTIONS"", ""template"": ""instructions/instruct_1.html"", ""indexOf"": 0, ""action"": ""NextPage"", ""viewTime"": 1118}"
debugV19HFW:debug5VO74P,2,1649946219745,"{""phase"": ""INSTRUCTIONS"", ""template"": ""instructions/instruct_2.html"", ""indexOf"": 1, ""action"": ""NextPage"", ""viewTime"": 548}"
debugV19HFW:debug5VO74P,3,1649946221776,"{""phase"": ""INSTRUCTIONS"", ""template"": ""instructions/instruct_4m.html"", ""indexOf"": 2, ""action"": ""NextPage"", ""viewTime"": 2030}"
debugV19HFW:debug5VO74P,4,1649946223608,"{""phase"": ""INSTRUCTIONS"", ""template"": ""instructions/instruct_5.html"", ""indexOf"": 3, ""action"": ""NextPage"", ""viewTime"": 1830}"
debugV19HFW:debug5VO74P,5,1649946224960,"{""phase"": ""INSTRUCTIONS"", ""template"": ""instructions/instruct_6c.html"", ""indexOf"": 4, ""action"": ""NextPage"", ""viewTime"": 1350}"
debugV19HFW:debug5VO74P,6,1649946225744,"{""phase"": ""INSTRUCTIONS"", ""template"": ""instructions/instruct_8.html"", ""indexOf"": 5, ""action"": ""FinishInstructions"", ""viewTime"": 782}"
debugTPBSQ5:debugNKN8UN,0,1649946242137,"{""phase"": ""INSTRUCTIONS"", ""templates"": [""instructions/instruct_1.html"", ""instructions/instruct_2.html"", ""instructions/instruct_4m.html"", ""instructions/instruct_5.html"", ""instructions/instruct_6f.html"", ""instructions/instruct_8.html""], ""action"": ""Begin""}"
debugTPBSQ5:debugNKN8UN,1,1649946243204,"{""phase"": ""INSTRUCTIONS"", ""template"": ""instructions/instruct_1.html"", ""indexOf"": 0, ""action"": ""NextPage"", ""viewTime"": 1064}"
debugTPBSQ5:debugNKN8UN,2,1649946244505,"{""phase"": ""INSTRUCTIONS"", ""template"": ""instructions/instruct_2.html"", ""indexOf"": 1, ""action"": ""NextPage"", ""viewTime"": 1299}"
debugTPBSQ5:debugNKN8UN,3,1649946245513,"{""phase"": ""INSTRUCTIONS"", ""template"": ""instructions/instruct_4m.html"", ""indexOf"": 2, ""action"": ""NextPage"", ""viewTime"": 1006}"
debugTPBSQ5:debugNKN8UN,4,1649946252384,"{""phase"": ""INSTRUCTIONS"", ""template"": ""instructions/instruct_5.html"", ""indexOf"": 3, ""action"": ""NextPage"", ""viewTime"": 6864}"
debugTPBSQ5:debugNKN8UN,5,1649946256338,"{""phase"": ""INSTRUCTIONS"", ""template"": ""instructions/instruct_6f.html"", ""indexOf"": 4, ""action"": ""NextPage"", ""viewTime"": 3952}"
debugTPBSQ5:debugNKN8UN,6,1649946257312,"{""phase"": ""INSTRUCTIONS"", ""template"": ""instructions/instruct_8.html"", ""indexOf"": 5, ""action"": ""FinishInstructions"", ""viewTime"": 973}"
debugZ2PK6O:debugCI97M2,0,1649946784027,"{""phase"": ""INSTRUCTIONS"", ""templates"": [""instructions/instruct_1.html"", ""instructions/instruct_2.html"", ""instructions/instruct_4f.html"", ""instructions/instruct_5.html"", ""instructions/instruct_6f.html"", ""instructions/instruct_8.html""], ""action"": ""Begin""}"
debugZ2PK6O:debugCI97M2,1,1649946785093,"{""phase"": ""INSTRUCTIONS"", ""template"": ""instructions/instruct_1.html"", ""indexOf"": 0, ""action"": ""NextPage"", ""viewTime"": 1065}"
debugZ2PK6O:debugCI97M2,2,1649946785915,"{""phase"": ""INSTRUCTIONS"", ""template"": ""instructions/instruct_2.html"", ""indexOf"": 1, ""action"": ""NextPage"", ""viewTime"": 820}"
debugZ2PK6O:debugCI97M2,3,1649946787338,"{""phase"": ""INSTRUCTIONS"", ""template"": ""instructions/instruct_4f.html"", ""indexOf"": 2, ""action"": ""NextPage"", ""viewTime"": 1422}"
debugZ2PK6O:debugCI97M2,4,1649946789610,"{""phase"": ""INSTRUCTIONS"", ""template"": ""instructions/instruct_5.html"", ""indexOf"": 3, ""action"": ""NextPage"", ""viewTime"": 2270}"
debugZ2PK6O:debugCI97M2,5,1649946791874,"{""phase"": ""INSTRUCTIONS"", ""template"": ""instructions/instruct_6f.html"", ""indexOf"": 4, ""action"": ""NextPage"", ""viewTime"": 2262}"
debugZ2PK6O:debugCI97M2,6,1649946792970,"{""phase"": ""INSTRUCTIONS"", ""template"": ""instructions/instruct_8.html"", ""indexOf"": 5, ""action"": ""FinishInstructions"", ""viewTime"": 1094}"
debug78AM5J:debugGJ3BFW,0,1649949753221,"{""phase"": ""INSTRUCTIONS"", ""templates"": [""instructions/instruct_1.html"", ""instructions/instruct_2.html"", ""instructions/instruct_4m.html"", ""instructions/instruct_5.html"", ""instructions/instruct_6c.html"", ""instructions/instruct_8.html""], ""action"": ""Begin""}"
debug78AM5J:debugGJ3BFW,1,1649949753958,"{""phase"": ""INSTRUCTIONS"", ""template"": ""instructions/instruct_1.html"", ""indexOf"": 0, ""action"": ""NextPage"", ""viewTime"": 735}"
debug78AM5J:debugGJ3BFW,2,1649949754404,"{""phase"": ""INSTRUCTIONS"", ""template"": ""instructions/instruct_2.html"", ""indexOf"": 1, ""action"": ""NextPage"", ""viewTime"": 444}"
debug78AM5J:debugGJ3BFW,3,1649949755260,"{""phase"": ""INSTRUCTIONS"", ""template"": ""instructions/instruct_4m.html"", ""indexOf"": 2, ""action"": ""NextPage"", ""viewTime"": 855}"
debug78AM5J:debugGJ3BFW,4,1649949758083,"{""phase"": ""INSTRUCTIONS"", ""template"": ""instructions/instruct_5.html"", ""indexOf"": 3, ""action"": ""NextPage"", ""viewTime"": 2821}"
debug78AM5J:debugGJ3BFW,5,1649949761959,"{""phase"": ""INSTRUCTIONS"", ""template"": ""instructions/instruct_6c.html"", ""indexOf"": 4, ""action"": ""NextPage"", ""viewTime"": 3875}"
debug78AM5J:debugGJ3BFW,6,1649949763227,"{""phase"": ""INSTRUCTIONS"", ""template"": ""instructions/instruct_8.html"", ""indexOf"": 5, ""action"": ""FinishInstructions"", ""viewTime"": 1267}"
debug11DL5N:debugL52S5T,0,1649949869476,"{""phase"": ""INSTRUCTIONS"", ""templates"": [""instructions/instruct_1.html"", ""instructions/instruct_2.html"", ""instructions/instruct_4f.html"", ""instructions/instruct_5.html"", ""instructions/instruct_6f.html"", ""instructions/instruct_8.html""], ""action"": ""Begin""}"
debug11DL5N:debugL52S5T,1,1649949870175,"{""phase"": ""INSTRUCTIONS"", ""template"": ""instructions/instruct_1.html"", ""indexOf"": 0, ""action"": ""NextPage"", ""viewTime"": 697}"
debug11DL5N:debugL52S5T,2,1649949870669,"{""phase"": ""INSTRUCTIONS"", ""template"": ""instructions/instruct_2.html"", ""indexOf"": 1, ""action"": ""NextPage"", ""viewTime"": 492}"
debug11DL5N:debugL52S5T,3,1649949871804,"{""phase"": ""INSTRUCTIONS"", ""template"": ""instructions/instruct_4f.html"", ""indexOf"": 2, ""action"": ""NextPage"", ""viewTime"": 1133}"
debug11DL5N:debugL52S5T,4,1649949872452,"{""phase"": ""INSTRUCTIONS"", ""template"": ""instructions/instruct_5.html"", ""indexOf"": 3, ""action"": ""NextPage"", ""viewTime"": 646}"
debug11DL5N:debugL52S5T,5,1649949873324,"{""phase"": ""INSTRUCTIONS"", ""template"": ""instructions/instruct_6f.html"", ""indexOf"": 4, ""action"": ""NextPage"", ""viewTime"": 870}"
debug11DL5N:debugL52S5T,6,1649949874124,"{""phase"": ""INSTRUCTIONS"", ""template"": ""instructions/instruct_8.html"", ""indexOf"": 5, ""action"": ""FinishInstructions"", ""viewTime"": 799}"
debug11DL5N:debugL52S5T,7,1649949878754,"[1, 1, 1, 104, 152, 92, 1, 1, ""B"", 1598, 1, 2, 0, 0, 1, 0, 1, ""f"", 0, 1, -2]"
debug11DL5N:debugL52S5T,8,1649949897999,"[2, 1, 1, 104, 152, 92, 1, 1, 2, 1715, 1, 2, 6, 0, 1, 6, 1, ""f"", 0, 0, -2]"
debug11DL5N:debugL52S5T,9,1649949899002,"{""phase"": ""INSTRUCTIONS"", ""templates"": [""instructions/instruct_break_f.html""], ""action"": ""Begin""}"
debug11DL5N:debugL52S5T,10,1649949900364,"{""phase"": ""INSTRUCTIONS"", ""template"": ""instructions/instruct_break_f.html"", ""indexOf"": 0, ""action"": ""FinishInstructions"", ""viewTime"": 1360}"
debug11DL5N:debugL52S5T,11,1649949903475,"[3, 2, 1, 104, 152, 92, 1, 2, 1, 590, 2, 1, 5, 1, 5, 2, 1, ""f"", 0, 0, -2]"
debug11DL5N:debugL52S5T,12,1649949904476,"{""phase"": ""INSTRUCTIONS"", ""templates"": [""instructions/instruct_test.html""], ""action"": ""Begin""}"
debug11DL5N:debugL52S5T,13,1649949910124,"{""phase"": ""INSTRUCTIONS"", ""template"": ""instructions/instruct_test.html"", ""indexOf"": 0, ""action"": ""FinishInstructions"", ""viewTime"": 5646}"
debugIEOJ1S:debugCZ4Z12,0,1649950230434,"{""phase"": ""INSTRUCTIONS"", ""templates"": [""instructions/instruct_1.html"", ""instructions/instruct_2.html"", ""instructions/instruct_4m.html"", ""instructions/instruct_5.html"", ""instructions/instruct_6f.html"", ""instructions/instruct_8.html""], ""action"": ""Begin""}"
debugIEOJ1S:debugCZ4Z12,1,1649950231396,"{""phase"": ""INSTRUCTIONS"", ""template"": ""instructions/instruct_1.html"", ""indexOf"": 0, ""action"": ""NextPage"", ""viewTime"": 959}"
debugIEOJ1S:debugCZ4Z12,2,1649950232058,"{""phase"": ""INSTRUCTIONS"", ""template"": ""instructions/instruct_2.html"", ""indexOf"": 1, ""action"": ""NextPage"", ""viewTime"": 660}"
debugIEOJ1S:debugCZ4Z12,3,1649950232897,"{""phase"": ""INSTRUCTIONS"", ""template"": ""instructions/instruct_4m.html"", ""indexOf"": 2, ""action"": ""NextPage"", ""viewTime"": 837}"
debugIEOJ1S:debugCZ4Z12,4,1649950233529,"{""phase"": ""INSTRUCTIONS"", ""template"": ""instructions/instruct_5.html"", ""indexOf"": 3, ""action"": ""NextPage"", ""viewTime"": 630}"
debugIEOJ1S:debugCZ4Z12,5,1649950234049,"{""phase"": ""INSTRUCTIONS"", ""template"": ""instructions/instruct_6f.html"", ""indexOf"": 4, ""action"": ""NextPage"", ""viewTime"": 518}"
debugIEOJ1S:debugCZ4Z12,6,1649950235135,"{""phase"": ""INSTRUCTIONS"", ""template"": ""instructions/instruct_8.html"", ""indexOf"": 5, ""action"": ""FinishInstructions"", ""viewTime"": 1085}"
debugIEOJ1S:debugCZ4Z12,7,1649950239756,"[1, 1, 1, 177, 160, 96, 1, 2, ""G"", 1594, 3, 2, 0, 0, 3, 0, 0, ""f"", 0, 1, -2]"
debugIEOJ1S:debugCZ4Z12,8,1649950259082,"[2, 1, 1, 177, 160, 96, 0, 1, 3, 1791, 2, 3, 7, 0, 2, 6, 0, ""f"", 0, 0, -2]"
debugIEOJ1S:debugCZ4Z12,9,1649950260087,"{""phase"": ""INSTRUCTIONS"", ""templates"": [""instructions/instruct_break_f.html""], ""action"": ""Begin""}"
debugIEOJ1S:debugCZ4Z12,10,1649950262457,"{""phase"": ""INSTRUCTIONS"", ""template"": ""instructions/instruct_break_f.html"", ""indexOf"": 0, ""action"": ""FinishInstructions"", ""viewTime"": 2368}"
debugIEOJ1S:debugCZ4Z12,11,1649950265722,"[3, 2, 1, 177, 160, 96, 1, 1, 2, 743, 3, 2, 6, 0, 3, 7, 0, ""f"", 0, 0, -2]"
debugIEOJ1S:debugCZ4Z12,12,1649950266727,"{""phase"": ""INSTRUCTIONS"", ""templates"": [""instructions/instruct_test.html""], ""action"": ""Begin""}"
debugIEOJ1S:debugCZ4Z12,13,1649950268177,"{""phase"": ""INSTRUCTIONS"", ""template"": ""instructions/instruct_test.html"", ""indexOf"": 0, ""action"": ""FinishInstructions"", ""viewTime"": 1449}"
debugIEOJ1S:debugCZ4Z12,14,1649950271282,"[4, 3, 1, 177, 160, 96, 1, 2, 4, 1589, 1, 6, 4, 0, 7, 1, 0, ""f"", 1, 0, -2]"
debugIEOJ1S:debugCZ4Z12,15,1649950293516,"{""phase"": ""postquestionnaire"", ""status"": ""begin""}"
debugIEOJ1S:debugCZ4Z12,16,1649950294841,"{""phase"": ""postquestionnaire"", ""status"": ""submit""}"
debugKQNGHN:debugXM6017,0,1649950459871,"{""action"": ""Begin"", ""phase"": ""INSTRUCTIONS"", ""templates"": [""instructions/instruct_1.html"", ""instructions/instruct_2.html"", ""instructions/instruct_4m.html"", ""instructions/instruct_5.html"", ""instructions/instruct_6c.html"", ""instructions/instruct_8.html""]}"
debugKQNGHN:debugXM6017,1,1649950460714,"{""action"": ""NextPage"", ""indexOf"": 0, ""phase"": ""INSTRUCTIONS"", ""template"": ""instructions/instruct_1.html"", ""viewTime"": 840}"
debugKQNGHN:debugXM6017,2,1649950461255,"{""action"": ""NextPage"", ""indexOf"": 1, ""phase"": ""INSTRUCTIONS"", ""template"": ""instructions/instruct_2.html"", ""viewTime"": 536}"
debugKQNGHN:debugXM6017,3,1649950462099,"{""action"": ""NextPage"", ""indexOf"": 2, ""phase"": ""INSTRUCTIONS"", ""template"": ""instructions/instruct_4m.html"", ""viewTime"": 842}"
debugKQNGHN:debugXM6017,4,1649950462955,"{""action"": ""NextPage"", ""indexOf"": 3, ""phase"": ""INSTRUCTIONS"", ""template"": ""instructions/instruct_5.html"", ""viewTime"": 854}"
debugKQNGHN:debugXM6017,5,1649950463546,"{""action"": ""NextPage"", ""indexOf"": 4, ""phase"": ""INSTRUCTIONS"", ""template"": ""instructions/instruct_6c.html"", ""viewTime"": 589}"
debugKQNGHN:debugXM6017,6,1649950464755,"{""action"": ""FinishInstructions"", ""indexOf"": 5, ""phase"": ""INSTRUCTIONS"", ""template"": ""instructions/instruct_8.html"", ""viewTime"": 1208}"
debugKQNGHN:debugXM6017,7,1649950469842,"[1, 1, 1, 118, 158, 96, 1, 2, ""G"", 2043, 4, 2, 0, 0, 4, 0, 0, ""c"", 0, 1, -2]"
debugKQNGHN:debugXM6017,8,1649950488713,"[2, 1, 1, 118, 158, 96, 1, 1, 2, 1334, 4, 2, 6, 0, 4, 7, 0, ""c"", 0, 0, -2]"
debugKQNGHN:debugXM6017,9,1649950489715,"{""action"": ""Begin"", ""phase"": ""INSTRUCTIONS"", ""templates"": [""instructions/instruct_break_c.html""]}"
debugKQNGHN:debugXM6017,10,1649950492840,"{""action"": ""FinishInstructions"", ""indexOf"": 0, ""phase"": ""INSTRUCTIONS"", ""template"": ""instructions/instruct_break_c.html"", ""viewTime"": 3124}"
debugKQNGHN:debugXM6017,11,1649950496540,"[3, 2, 1, 118, 158, 96, 1, 2, 8, 1182, 5, 4, 8, 0, 1, 5, 0, ""c"", 0, 0, -2]"
debugKQNGHN:debugXM6017,12,1649950497541,"{""action"": ""Begin"", ""phase"": ""INSTRUCTIONS"", ""templates"": [""instructions/instruct_test.html""]}"
debugKQNGHN:debugXM6017,13,1649950500853,"{""action"": ""FinishInstructions"", ""indexOf"": 0, ""phase"": ""INSTRUCTIONS"", ""template"": ""instructions/instruct_test.html"", ""viewTime"": 3310}"
debugKQNGHN:debugXM6017,14,1649950565963,"{""phase"": ""INSTRUCTIONS"", ""templates"": [""instructions/instruct_1.html"", ""instructions/instruct_2.html"", ""instructions/instruct_4m.html"", ""instructions/instruct_5.html"", ""instructions/instruct_6c.html"", ""instructions/instruct_8.html""], ""action"": ""Begin""}"
debugKQNGHN:debugXM6017,15,1649950566955,"{""phase"": ""INSTRUCTIONS"", ""template"": ""instructions/instruct_1.html"", ""indexOf"": 0, ""action"": ""NextPage"", ""viewTime"": 990}"
debugKQNGHN:debugXM6017,16,1649950568032,"{""phase"": ""INSTRUCTIONS"", ""template"": ""instructions/instruct_2.html"", ""indexOf"": 1, ""action"": ""NextPage"", ""viewTime"": 1074}"
debugKQNGHN:debugXM6017,17,1649950569000,"{""phase"": ""INSTRUCTIONS"", ""template"": ""instructions/instruct_4m.html"", ""indexOf"": 2, ""action"": ""NextPage"", ""viewTime"": 967}"
debugKQNGHN:debugXM6017,18,1649950569766,"{""phase"": ""INSTRUCTIONS"", ""template"": ""instructions/instruct_5.html"", ""indexOf"": 3, ""action"": ""NextPage"", ""viewTime"": 764}"
debugKQNGHN:debugXM6017,19,1649950570418,"{""phase"": ""INSTRUCTIONS"", ""template"": ""instructions/instruct_6c.html"", ""indexOf"": 4, ""action"": ""NextPage"", ""viewTime"": 650}"
debugKQNGHN:debugXM6017,20,1649950571544,"{""phase"": ""INSTRUCTIONS"", ""template"": ""instructions/instruct_8.html"", ""indexOf"": 5, ""action"": ""FinishInstructions"", ""viewTime"": 1124}"
debugKQNGHN:debugXM6017,21,1649950576591,"[1, 1, 1, 118, 158, 96, 1, 2, ""G"", 2017, 4, 2, 0, 0, 4, 0, 0, ""c"", 0, 1, -2]"
debugKQNGHN:debugXM6017,22,1649950595456,"[2, 1, 1, 118, 158, 96, 1, 1, 2, 1334, 4, 2, 6, 0, 4, 7, 0, ""c"", 0, 0, -2]"
debugKQNGHN:debugXM6017,23,1649950596458,"{""phase"": ""INSTRUCTIONS"", ""templates"": [""instructions/instruct_break_c.html""], ""action"": ""Begin""}"
debugKQNGHN:debugXM6017,24,1649950598369,"{""phase"": ""INSTRUCTIONS"", ""template"": ""instructions/instruct_break_c.html"", ""indexOf"": 0, ""action"": ""FinishInstructions"", ""viewTime"": 1910}"
debugKQNGHN:debugXM6017,25,1649950602073,"[3, 2, 1, 118, 158, 96, 1, 2, 8, 1182, 5, 4, 8, 0, 1, 5, 0, ""c"", 0, 0, -2]"
debugKQNGHN:debugXM6017,26,1649950603075,"{""phase"": ""INSTRUCTIONS"", ""templates"": [""instructions/instruct_test.html""], ""action"": ""Begin""}"
debugKQNGHN:debugXM6017,27,1649950604944,"{""phase"": ""INSTRUCTIONS"", ""template"": ""instructions/instruct_test.html"", ""indexOf"": 0, ""action"": ""FinishInstructions"", ""viewTime"": 1867}"
debugDVE4KS:debugRYS0XQ,0,1649950668305,"{""phase"": ""INSTRUCTIONS"", ""templates"": [""instructions/instruct_1.html"", ""instructions/instruct_2.html"", ""instructions/instruct_4f.html"", ""instructions/instruct_5.html"", ""instructions/instruct_6f.html"", ""instructions/instruct_8.html""], ""action"": ""Begin""}"
debugDVE4KS:debugRYS0XQ,1,1649950669122,"{""phase"": ""INSTRUCTIONS"", ""template"": ""instructions/instruct_1.html"", ""indexOf"": 0, ""action"": ""NextPage"", ""viewTime"": 814}"
debugDVE4KS:debugRYS0XQ,2,1649950669564,"{""phase"": ""INSTRUCTIONS"", ""template"": ""instructions/instruct_2.html"", ""indexOf"": 1, ""action"": ""NextPage"", ""viewTime"": 439}"
debugDVE4KS:debugRYS0XQ,3,1649950670931,"{""phase"": ""INSTRUCTIONS"", ""template"": ""instructions/instruct_4f.html"", ""indexOf"": 2, ""action"": ""NextPage"", ""viewTime"": 1366}"
debugDVE4KS:debugRYS0XQ,4,1649950671743,"{""phase"": ""INSTRUCTIONS"", ""template"": ""instructions/instruct_5.html"", ""indexOf"": 3, ""action"": ""NextPage"", ""viewTime"": 810}"
debugDVE4KS:debugRYS0XQ,5,1649950672370,"{""phase"": ""INSTRUCTIONS"", ""template"": ""instructions/instruct_6f.html"", ""indexOf"": 4, ""action"": ""NextPage"", ""viewTime"": 624}"
debugDVE4KS:debugRYS0XQ,6,1649950673504,"{""phase"": ""INSTRUCTIONS"", ""template"": ""instructions/instruct_8.html"", ""indexOf"": 5, ""action"": ""FinishInstructions"", ""viewTime"": 1132}"
debugDVE4KS:debugRYS0XQ,7,1649950677735,"[1, 1, 1, 150, 157, 95, 0, 2, ""G"", 1196, 3, 2, 0, 0, 3, 0, 1, ""f"", 0, 1, -2]"
debugDVE4KS:debugRYS0XQ,8,1649950695839,"[2, 1, 1, 150, 157, 95, 0, 2, 5, 565, 5, 1, 5, 0, 2, 5, 1, ""f"", 0, 0, -2]"
debugDVE4KS:debugRYS0XQ,9,1649950696845,"{""phase"": ""INSTRUCTIONS"", ""templates"": [""instructions/instruct_break_f.html""], ""action"": ""Begin""}"
debugDVE4KS:debugRYS0XQ,10,1649950698664,"{""phase"": ""INSTRUCTIONS"", ""template"": ""instructions/instruct_break_f.html"", ""indexOf"": 0, ""action"": ""FinishInstructions"", ""viewTime"": 1816}"
debugDVE4KS:debugRYS0XQ,11,1649950703145,"[3, 2, 1, 150, 157, 95, 0, 2, 2, 1958, 3, 2, 6, 1, 8, 3, 1, ""f"", 0, 0, -2]"
debugDVE4KS:debugRYS0XQ,12,1649950704147,"{""phase"": ""INSTRUCTIONS"", ""templates"": [""instructions/instruct_test.html""], ""action"": ""Begin""}"
debugDVE4KS:debugRYS0XQ,13,1649950705709,"{""phase"": ""INSTRUCTIONS"", ""template"": ""instructions/instruct_test.html"", ""indexOf"": 0, ""action"": ""FinishInstructions"", ""viewTime"": 1561}"
debug99P554:debugVVRCOX,0,1649951014725,"{""phase"": ""INSTRUCTIONS"", ""templates"": [""instructions/instruct_1.html"", ""instructions/instruct_2.html"", ""instructions/instruct_4f.html"", ""instructions/instruct_5.html"", ""instructions/instruct_6f.html"", ""instructions/instruct_8.html""], ""action"": ""Begin""}"
debug99P554:debugVVRCOX,1,1649951015865,"{""phase"": ""INSTRUCTIONS"", ""template"": ""instructions/instruct_1.html"", ""indexOf"": 0, ""action"": ""NextPage"", ""viewTime"": 1138}"
debug99P554:debugVVRCOX,2,1649951016373,"{""phase"": ""INSTRUCTIONS"", ""template"": ""instructions/instruct_2.html"", ""indexOf"": 1, ""action"": ""NextPage"", ""viewTime"": 505}"
debug99P554:debugVVRCOX,3,1649951017472,"{""phase"": ""INSTRUCTIONS"", ""template"": ""instructions/instruct_4f.html"", ""indexOf"": 2, ""action"": ""NextPage"", ""viewTime"": 1097}"
debug99P554:debugVVRCOX,4,1649951018615,"{""phase"": ""INSTRUCTIONS"", ""template"": ""instructions/instruct_5.html"", ""indexOf"": 3, ""action"": ""NextPage"", ""viewTime"": 1142}"
debug99P554:debugVVRCOX,5,1649951019449,"{""phase"": ""INSTRUCTIONS"", ""template"": ""instructions/instruct_6f.html"", ""indexOf"": 4, ""action"": ""NextPage"", ""viewTime"": 833}"
debug99P554:debugVVRCOX,6,1649951020475,"{""phase"": ""INSTRUCTIONS"", ""template"": ""instructions/instruct_8.html"", ""indexOf"": 5, ""action"": ""FinishInstructions"", ""viewTime"": 1025}"
debug99P554:debugVVRCOX,7,1649951024876,"[1, 1, 1, 128, 160, 96, 0, 2, ""G"", 1364, 3, 2, 0, 0, 3, 0, 1, ""f"", 0, 1, -2]"
debug99P554:debugVVRCOX,8,1649951043168,"[2, 1, 1, 128, 160, 96, 0, 1, 3, 751, 1, 3, 7, 0, 1, 7, 1, ""f"", 0, 0, -2]"
debug99P554:debugVVRCOX,9,1649951044172,"{""phase"": ""INSTRUCTIONS"", ""templates"": [""instructions/instruct_break_f.html""], ""action"": ""Begin""}"
debug99P554:debugVVRCOX,10,1649951045758,"{""phase"": ""INSTRUCTIONS"", ""template"": ""instructions/instruct_break_f.html"", ""indexOf"": 0, ""action"": ""FinishInstructions"", ""viewTime"": 1584}"
debug99P554:debugVVRCOX,11,1649951048890,"[3, 2, 1, 128, 160, 96, 1, 2, 1, 614, 2, 1, 5, 1, 5, 2, 1, ""f"", 0, 0, -2]"
debug99P554:debugVVRCOX,12,1649951049896,"{""phase"": ""INSTRUCTIONS"", ""templates"": [""instructions/instruct_test.html""], ""action"": ""Begin""}"
debug99P554:debugVVRCOX,13,1649951051415,"{""phase"": ""INSTRUCTIONS"", ""template"": ""instructions/instruct_test.html"", ""indexOf"": 0, ""action"": ""FinishInstructions"", ""viewTime"": 1518}"
debug22X9MR:debugV41Z2J,0,1649951301359,"{""phase"": ""INSTRUCTIONS"", ""templates"": [""instructions/instruct_1.html"", ""instructions/instruct_2.html"", ""instructions/instruct_4m.html"", ""instructions/instruct_5.html"", ""instructions/instruct_6f.html"", ""instructions/instruct_8.html""], ""action"": ""Begin""}"
debug22X9MR:debugV41Z2J,1,1649951302397,"{""phase"": ""INSTRUCTIONS"", ""template"": ""instructions/instruct_1.html"", ""indexOf"": 0, ""action"": ""NextPage"", ""viewTime"": 1036}"
debug22X9MR:debugV41Z2J,2,1649951303046,"{""phase"": ""INSTRUCTIONS"", ""template"": ""instructions/instruct_2.html"", ""indexOf"": 1, ""action"": ""NextPage"", ""viewTime"": 648}"
debug22X9MR:debugV41Z2J,3,1649951303889,"{""phase"": ""INSTRUCTIONS"", ""template"": ""instructions/instruct_4m.html"", ""indexOf"": 2, ""action"": ""NextPage"", ""viewTime"": 841}"
debug22X9MR:debugV41Z2J,4,1649951304984,"{""phase"": ""INSTRUCTIONS"", ""template"": ""instructions/instruct_5.html"", ""indexOf"": 3, ""action"": ""NextPage"", ""viewTime"": 1094}"
debug22X9MR:debugV41Z2J,5,1649951305803,"{""phase"": ""INSTRUCTIONS"", ""template"": ""instructions/instruct_6f.html"", ""indexOf"": 4, ""action"": ""NextPage"", ""viewTime"": 817}"
debug22X9MR:debugV41Z2J,6,1649951306791,"{""phase"": ""INSTRUCTIONS"", ""template"": ""instructions/instruct_8.html"", ""indexOf"": 5, ""action"": ""FinishInstructions"", ""viewTime"": 986}"
debug22X9MR:debugV41Z2J,7,1649951312191,"[1, 1, 1, 146, 160, 96, 0, 1, ""B"", 2363, 2, 2, 0, 0, 2, 0, 0, ""f"", 0, 1, -2]"
debug22X9MR:debugV41Z2J,8,1649951331413,"[2, 1, 1, 146, 160, 96, 0, 2, 4, 1684, 4, 4, 8, 1, 7, 4, 0, ""f"", 0, 0, -2]"
debug22X9MR:debugV41Z2J,9,1649951332417,"{""phase"": ""INSTRUCTIONS"", ""templates"": [""instructions/instruct_break_f.html""], ""action"": ""Begin""}"
debug22X9MR:debugV41Z2J,10,1649951335861,"{""phase"": ""INSTRUCTIONS"", ""template"": ""instructions/instruct_break_f.html"", ""indexOf"": 0, ""action"": ""FinishInstructions"", ""viewTime"": 3443}"
debug22X9MR:debugV41Z2J,11,1649951340073,"[3, 2, 1, 146, 160, 96, 1, 2, 8, 1689, 7, 4, 8, 0, 4, 7, 0, ""f"", 0, 0, -2]"
debug22X9MR:debugV41Z2J,12,1649951341074,"{""phase"": ""INSTRUCTIONS"", ""templates"": [""instructions/instruct_test.html""], ""action"": ""Begin""}"
debug22X9MR:debugV41Z2J,13,1649951347386,"{""phase"": ""INSTRUCTIONS"", ""template"": ""instructions/instruct_test.html"", ""indexOf"": 0, ""action"": ""FinishInstructions"", ""viewTime"": 6310}"
debug22X9MR:debugV41Z2J,14,1649951350408,"[4, 3, 1, 146, 160, 96, 0, 0, -1, 2005, -1, 5, 3, 0, 5, 3, 0, ""f"", 1, 0, -2]"
debug22X9MR:debugV41Z2J,15,1649951417535,"{""phase"": ""postquestionnaire"", ""status"": ""begin""}"
debug22X9MR:debugV41Z2J,16,1649951418701,"{""phase"": ""postquestionnaire"", ""status"": ""submit""}"
debugTGI0J3:debug72L43Q,0,1649951899974,"{""phase"": ""INSTRUCTIONS"", ""templates"": [""instructions/instruct_1.html"", ""instructions/instruct_2.html"", ""instructions/instruct_4m.html"", ""instructions/instruct_5.html"", ""instructions/instruct_6f.html"", ""instructions/instruct_8.html""], ""action"": ""Begin""}"
debugTGI0J3:debug72L43Q,1,1649951901315,"{""phase"": ""INSTRUCTIONS"", ""template"": ""instructions/instruct_1.html"", ""indexOf"": 0, ""action"": ""NextPage"", ""viewTime"": 1339}"
debugTGI0J3:debug72L43Q,2,1649951901932,"{""phase"": ""INSTRUCTIONS"", ""template"": ""instructions/instruct_2.html"", ""indexOf"": 1, ""action"": ""NextPage"", ""viewTime"": 615}"
debugTGI0J3:debug72L43Q,3,1649951903045,"{""phase"": ""INSTRUCTIONS"", ""template"": ""instructions/instruct_4m.html"", ""indexOf"": 2, ""action"": ""NextPage"", ""viewTime"": 1112}"
debugTGI0J3:debug72L43Q,4,1649951904233,"{""phase"": ""INSTRUCTIONS"", ""template"": ""instructions/instruct_5.html"", ""indexOf"": 3, ""action"": ""NextPage"", ""viewTime"": 1186}"
debugTGI0J3:debug72L43Q,5,1649951905244,"{""phase"": ""INSTRUCTIONS"", ""template"": ""instructions/instruct_6f.html"", ""indexOf"": 4, ""action"": ""NextPage"", ""viewTime"": 1010}"
debugTGI0J3:debug72L43Q,6,1649951906236,"{""phase"": ""INSTRUCTIONS"", ""template"": ""instructions/instruct_8.html"", ""indexOf"": 5, ""action"": ""FinishInstructions"", ""viewTime"": 991}"
debugTGI0J3:debug72L43Q,7,1649951911802,"[1, 1, 1, 112, 160, 96, 1, 2, ""G"", 2532, 2, 2, 0, 0, 2, 0, 0, ""f"", 0, 1, -2]"
debugTGI0J3:debug72L43Q,8,1649951930420,"[2, 1, 1, 112, 160, 96, 1, 2, 3, 1084, 4, 3, 7, 1, 5, 4, 0, ""f"", 0, 0, -2]"
debugTGI0J3:debug72L43Q,9,1649951931422,"{""phase"": ""INSTRUCTIONS"", ""templates"": [""instructions/instruct_break_f.html""], ""action"": ""Begin""}"
debugTGI0J3:debug72L43Q,10,1649951932723,"{""phase"": ""INSTRUCTIONS"", ""template"": ""instructions/instruct_break_f.html"", ""indexOf"": 0, ""action"": ""FinishInstructions"", ""viewTime"": 1300}"
debugTGI0J3:debug72L43Q,11,1649951936294,"[3, 2, 1, 112, 160, 96, 1, 1, 8, 1052, 7, 4, 8, 1, 7, 1, 0, ""f"", 0, 0, -2]"
debugTGI0J3:debug72L43Q,12,1649951937297,"{""phase"": ""INSTRUCTIONS"", ""templates"": [""instructions/instruct_test.html""], ""action"": ""Begin""}"
debugTGI0J3:debug72L43Q,13,1649951938485,"{""phase"": ""INSTRUCTIONS"", ""template"": ""instructions/instruct_test.html"", ""indexOf"": 0, ""action"": ""FinishInstructions"", ""viewTime"": 1186}"
debug822KE4:debugWX3WB6,0,1649952050475,"{""phase"": ""INSTRUCTIONS"", ""templates"": [""instructions/instruct_1.html"", ""instructions/instruct_2.html"", ""instructions/instruct_4f.html"", ""instructions/instruct_5.html"", ""instructions/instruct_6c.html"", ""instructions/instruct_8.html""], ""action"": ""Begin""}"
debug822KE4:debugWX3WB6,1,1649952051660,"{""phase"": ""INSTRUCTIONS"", ""template"": ""instructions/instruct_1.html"", ""indexOf"": 0, ""action"": ""NextPage"", ""viewTime"": 1183}"
debug822KE4:debugWX3WB6,2,1649952052319,"{""phase"": ""INSTRUCTIONS"", ""template"": ""instructions/instruct_2.html"", ""indexOf"": 1, ""action"": ""NextPage"", ""viewTime"": 657}"
debug822KE4:debugWX3WB6,3,1649952053524,"{""phase"": ""INSTRUCTIONS"", ""template"": ""instructions/instruct_4f.html"", ""indexOf"": 2, ""action"": ""NextPage"", ""viewTime"": 1203}"
debug822KE4:debugWX3WB6,4,1649952054353,"{""phase"": ""INSTRUCTIONS"", ""template"": ""instructions/instruct_5.html"", ""indexOf"": 3, ""action"": ""NextPage"", ""viewTime"": 827}"
debug822KE4:debugWX3WB6,5,1649952054908,"{""phase"": ""INSTRUCTIONS"", ""template"": ""instructions/instruct_6c.html"", ""indexOf"": 4, ""action"": ""NextPage"", ""viewTime"": 554}"
debug822KE4:debugWX3WB6,6,1649952055919,"{""phase"": ""INSTRUCTIONS"", ""template"": ""instructions/instruct_8.html"", ""indexOf"": 5, ""action"": ""FinishInstructions"", ""viewTime"": 1009}"
debug822KE4:debugWX3WB6,7,1649952060087,"[1, 1, 1, 101, 159, 95, 0, 2, ""G"", 1139, 1, 2, 0, 0, 1, 0, 1, ""c"", 0, 1, -2]"
debug822KE4:debugWX3WB6,8,1649952078371,"[2, 1, 1, 101, 159, 95, 0, 1, 8, 759, 5, 4, 8, 1, 5, 2, 1, ""c"", 0, 0, -2]"
debug822KE4:debugWX3WB6,9,1649952079376,"{""phase"": ""INSTRUCTIONS"", ""templates"": [""instructions/instruct_break_c.html""], ""action"": ""Begin""}"
debug822KE4:debugWX3WB6,10,1649952114757,"{""phase"": ""INSTRUCTIONS"", ""template"": ""instructions/instruct_break_c.html"", ""indexOf"": 0, ""action"": ""FinishInstructions"", ""viewTime"": 35380}"
debug822KE4:debugWX3WB6,11,1649952118003,"[3, 2, 1, 101, 159, 95, 1, 1, 7, 734, 8, 3, 7, 1, 8, 3, 1, ""c"", 0, 0, -2]"
debug822KE4:debugWX3WB6,12,1649952119007,"{""phase"": ""INSTRUCTIONS"", ""templates"": [""instructions/instruct_test.html""], ""action"": ""Begin""}"
debug822KE4:debugWX3WB6,13,1649952120827,"{""phase"": ""INSTRUCTIONS"", ""template"": ""instructions/instruct_test.html"", ""indexOf"": 0, ""action"": ""FinishInstructions"", ""viewTime"": 1819}"
debugJ4XK27:debugN2H6W8,0,1649966979572,"{""phase"": ""INSTRUCTIONS"", ""templates"": [""instructions/instruct_1.html"", ""instructions/instruct_2.html"", ""instructions/instruct_4m.html"", ""instructions/instruct_5.html"", ""instructions/instruct_6c.html"", ""instructions/instruct_8.html""], ""action"": ""Begin""}"
debugJ4XK27:debugN2H6W8,1,1649966980275,"{""phase"": ""INSTRUCTIONS"", ""template"": ""instructions/instruct_1.html"", ""indexOf"": 0, ""action"": ""NextPage"", ""viewTime"": 700}"
debugJ4XK27:debugN2H6W8,2,1649966980761,"{""phase"": ""INSTRUCTIONS"", ""template"": ""instructions/instruct_2.html"", ""indexOf"": 1, ""action"": ""NextPage"", ""viewTime"": 483}"
debugJ4XK27:debugN2H6W8,3,1649966981599,"{""phase"": ""INSTRUCTIONS"", ""template"": ""instructions/instruct_4m.html"", ""indexOf"": 2, ""action"": ""NextPage"", ""viewTime"": 837}"
debugJ4XK27:debugN2H6W8,4,1649966982415,"{""phase"": ""INSTRUCTIONS"", ""template"": ""instructions/instruct_5.html"", ""indexOf"": 3, ""action"": ""NextPage"", ""viewTime"": 814}"
debugJ4XK27:debugN2H6W8,5,1649966983191,"{""phase"": ""INSTRUCTIONS"", ""template"": ""instructions/instruct_6c.html"", ""indexOf"": 4, ""action"": ""NextPage"", ""viewTime"": 775}"
debugJ4XK27:debugN2H6W8,6,1649966984224,"{""phase"": ""INSTRUCTIONS"", ""template"": ""instructions/instruct_8.html"", ""indexOf"": 5, ""action"": ""FinishInstructions"", ""viewTime"": 1032}"
debugJ4XK27:debugN2H6W8,7,1649966988353,"[1, 1, 1, 136, 155, 94, 1, 2, ""G"", 1088, 3, 2, 0, 0, 3, 0, 0, ""c"", 0, 1, -2]"
debugJ4XK27:debugN2H6W8,8,1649967007546,"[2, 1, 1, 136, 155, 94, 1, 1, 8, 1663, 5, 4, 8, 1, 5, 4, 0, ""c"", 0, 0, -2]"
debugJ4XK27:debugN2H6W8,9,1649967008548,"{""phase"": ""INSTRUCTIONS"", ""templates"": [""instructions/instruct_break_c.html""], ""action"": ""Begin""}"
debugJ4XK27:debugN2H6W8,10,1649967010287,"{""phase"": ""INSTRUCTIONS"", ""template"": ""instructions/instruct_break_c.html"", ""indexOf"": 0, ""action"": ""FinishInstructions"", ""viewTime"": 1738}"
debugJ4XK27:debugN2H6W8,11,1649967014015,"[3, 2, 1, 136, 155, 94, 1, 1, 8, 1212, 5, 4, 8, 1, 5, 4, 0, ""c"", 0, 0, -2]"
debugJ4XK27:debugN2H6W8,12,1649967015018,"{""phase"": ""INSTRUCTIONS"", ""templates"": [""instructions/instruct_test.html""], ""action"": ""Begin""}"
debugJ4XK27:debugN2H6W8,13,1649967018056,"{""phase"": ""INSTRUCTIONS"", ""template"": ""instructions/instruct_test.html"", ""indexOf"": 0, ""action"": ""FinishInstructions"", ""viewTime"": 3037}"
debugGTJGU3:debugFPNHT2,0,1649967259595,"{""phase"": ""INSTRUCTIONS"", ""templates"": [""instructions/instruct_1.html"", ""instructions/instruct_2.html"", ""instructions/instruct_4m.html"", ""instructions/instruct_5.html"", ""instructions/instruct_6f.html"", ""instructions/instruct_8.html""], ""action"": ""Begin""}"
debugGTJGU3:debugFPNHT2,1,1649967260627,"{""phase"": ""INSTRUCTIONS"", ""template"": ""instructions/instruct_1.html"", ""indexOf"": 0, ""action"": ""NextPage"", ""viewTime"": 1030}"
debugGTJGU3:debugFPNHT2,2,1649967261360,"{""phase"": ""INSTRUCTIONS"", ""template"": ""instructions/instruct_2.html"", ""indexOf"": 1, ""action"": ""NextPage"", ""viewTime"": 730}"
debugGTJGU3:debugFPNHT2,3,1649967262624,"{""phase"": ""INSTRUCTIONS"", ""template"": ""instructions/instruct_4m.html"", ""indexOf"": 2, ""action"": ""NextPage"", ""viewTime"": 1263}"
debugGTJGU3:debugFPNHT2,4,1649967263607,"{""phase"": ""INSTRUCTIONS"", ""template"": ""instructions/instruct_5.html"", ""indexOf"": 3, ""action"": ""NextPage"", ""viewTime"": 981}"
debugGTJGU3:debugFPNHT2,5,1649967264288,"{""phase"": ""INSTRUCTIONS"", ""template"": ""instructions/instruct_6f.html"", ""indexOf"": 4, ""action"": ""NextPage"", ""viewTime"": 679}"
debugGTJGU3:debugFPNHT2,6,1649967265224,"{""phase"": ""INSTRUCTIONS"", ""template"": ""instructions/instruct_8.html"", ""indexOf"": 5, ""action"": ""FinishInstructions"", ""viewTime"": 934}"
debugGTJGU3:debugFPNHT2,7,1649967271259,"[1, 1, 1, 156, 153, 96, 0, 0, -1, 5005, -1, 2, 0, 0, 2, 0, 0, ""f"", 0, 1, -2]"
debugGTJGU3:debugFPNHT2,8,1649967289781,"[2, 1, 1, 156, 153, 96, 0, 2, 4, 989, 3, 4, 8, 1, 6, 3, 0, ""f"", 0, 0, -2]"
debugGTJGU3:debugFPNHT2,9,1649967290785,"{""phase"": ""INSTRUCTIONS"", ""templates"": [""instructions/instruct_break_f.html""], ""action"": ""Begin""}"
debugGTJGU3:debugFPNHT2,10,1649967292535,"{""phase"": ""INSTRUCTIONS"", ""template"": ""instructions/instruct_break_f.html"", ""indexOf"": 0, ""action"": ""FinishInstructions"", ""viewTime"": 1749}"
debugGTJGU3:debugFPNHT2,11,1649967295941,"[3, 2, 1, 156, 153, 96, 1, 2, 7, 884, 5, 3, 7, 0, 4, 5, 0, ""f"", 0, 0, -2]"
debugGTJGU3:debugFPNHT2,12,1649967296944,"{""phase"": ""INSTRUCTIONS"", ""templates"": [""instructions/instruct_test.html""], ""action"": ""Begin""}"
debugGTJGU3:debugFPNHT2,13,1649967298351,"{""phase"": ""INSTRUCTIONS"", ""template"": ""instructions/instruct_test.html"", ""indexOf"": 0, ""action"": ""FinishInstructions"", ""viewTime"": 1406}"
debugGTJGU3:debugFPNHT2,14,1649967300544,"[4, 3, 1, 156, 153, 96, 1, 2, 5, 677, 7, 3, 5, 0, 4, 7, 0, ""f"", 1, 0, -2]"
debugGTJGU3:debugFPNHT2,15,1649967322996,"{""phase"": ""postquestionnaire"", ""status"": ""begin""}"
debugGTJGU3:debugFPNHT2,16,1649967324160,"{""phase"": ""postquestionnaire"", ""status"": ""submit""}"
debugAJAWF5:debugP69JY7,0,1649967670560,"{""phase"": ""INSTRUCTIONS"", ""templates"": [""instructions/instruct_1.html"", ""instructions/instruct_2.html"", ""instructions/instruct_4f.html"", ""instructions/instruct_5.html"", ""instructions/instruct_6c.html"", ""instructions/instruct_8.html""], ""action"": ""Begin""}"
debugAJAWF5:debugP69JY7,1,1649967671601,"{""phase"": ""INSTRUCTIONS"", ""template"": ""instructions/instruct_1.html"", ""indexOf"": 0, ""action"": ""NextPage"", ""viewTime"": 1038}"
debugAJAWF5:debugP69JY7,2,1649967672087,"{""phase"": ""INSTRUCTIONS"", ""template"": ""instructions/instruct_2.html"", ""indexOf"": 1, ""action"": ""NextPage"", ""viewTime"": 483}"
debugAJAWF5:debugP69JY7,3,1649967672967,"{""phase"": ""INSTRUCTIONS"", ""template"": ""instructions/instruct_4f.html"", ""indexOf"": 2, ""action"": ""NextPage"", ""viewTime"": 879}"
debugAJAWF5:debugP69JY7,4,1649967673608,"{""phase"": ""INSTRUCTIONS"", ""template"": ""instructions/instruct_5.html"", ""indexOf"": 3, ""action"": ""NextPage"", ""viewTime"": 640}"
debugAJAWF5:debugP69JY7,5,1649967674138,"{""phase"": ""INSTRUCTIONS"", ""template"": ""instructions/instruct_6c.html"", ""indexOf"": 4, ""action"": ""NextPage"", ""viewTime"": 529}"
debugAJAWF5:debugP69JY7,6,1649967675279,"{""phase"": ""INSTRUCTIONS"", ""template"": ""instructions/instruct_8.html"", ""indexOf"": 5, ""action"": ""FinishInstructions"", ""viewTime"": 1139}"
debugAJAWF5:debugP69JY7,7,1649967679335,"[1, 1, 1, 101, 159, 95, 0, 2, ""G"", 1021, 1, 2, 0, 0, 1, 0, 1, ""c"", 0, 1, -2]"
debugAJAWF5:debugP69JY7,8,1649967697618,"[2, 1, 1, 101, 159, 95, 0, 1, 8, 759, 5, 4, 8, 1, 5, 2, 1, ""c"", 0, 0, -2]"
debugAJAWF5:debugP69JY7,9,1649967698623,"{""phase"": ""INSTRUCTIONS"", ""templates"": [""instructions/instruct_break_c.html""], ""action"": ""Begin""}"
debugAJAWF5:debugP69JY7,10,1649967700353,"{""phase"": ""INSTRUCTIONS"", ""template"": ""instructions/instruct_break_c.html"", ""indexOf"": 0, ""action"": ""FinishInstructions"", ""viewTime"": 1729}"
debugAJAWF5:debugP69JY7,11,1649967703604,"[3, 2, 1, 101, 159, 95, 1, 1, 7, 734, 8, 3, 7, 1, 8, 3, 1, ""c"", 0, 0, -2]"
debugAJAWF5:debugP69JY7,12,1649967704609,"{""phase"": ""INSTRUCTIONS"", ""templates"": [""instructions/instruct_test.html""], ""action"": ""Begin""}"
debugAJAWF5:debugP69JY7,13,1649967706319,"{""phase"": ""INSTRUCTIONS"", ""template"": ""instructions/instruct_test.html"", ""indexOf"": 0, ""action"": ""FinishInstructions"", ""viewTime"": 1709}"
debugOCMHPM:debug109SGR,0,1649967891249,"{""phase"": ""INSTRUCTIONS"", ""templates"": [""instructions/instruct_1.html"", ""instructions/instruct_2.html"", ""instructions/instruct_4f.html"", ""instructions/instruct_5.html"", ""instructions/instruct_6f.html"", ""instructions/instruct_8.html""], ""action"": ""Begin""}"
debugOCMHPM:debug109SGR,1,1649967891912,"{""phase"": ""INSTRUCTIONS"", ""template"": ""instructions/instruct_1.html"", ""indexOf"": 0, ""action"": ""NextPage"", ""viewTime"": 661}"
debugOCMHPM:debug109SGR,2,1649967892295,"{""phase"": ""INSTRUCTIONS"", ""template"": ""instructions/instruct_2.html"", ""indexOf"": 1, ""action"": ""NextPage"", ""viewTime"": 381}"
debugOCMHPM:debug109SGR,3,1649967893127,"{""phase"": ""INSTRUCTIONS"", ""template"": ""instructions/instruct_4f.html"", ""indexOf"": 2, ""action"": ""NextPage"", ""viewTime"": 831}"
debugOCMHPM:debug109SGR,4,1649967893759,"{""phase"": ""INSTRUCTIONS"", ""template"": ""instructions/instruct_5.html"", ""indexOf"": 3, ""action"": ""NextPage"", ""viewTime"": 631}"
debugOCMHPM:debug109SGR,5,1649967894231,"{""phase"": ""INSTRUCTIONS"", ""template"": ""instructions/instruct_6f.html"", ""indexOf"": 4, ""action"": ""NextPage"", ""viewTime"": 471}"
debugOCMHPM:debug109SGR,6,1649967894955,"{""phase"": ""INSTRUCTIONS"", ""template"": ""instructions/instruct_8.html"", ""indexOf"": 5, ""action"": ""FinishInstructions"", ""viewTime"": 723}"
debugOCMHPM:debug109SGR,7,1649967899245,"[1, 1, 1, 132, 160, 96, 0, 2, ""G"", 1196, 1, 2, 0, 0, 1, 0, 1, ""f"", 0, 1, -2]"
debugOCMHPM:debug109SGR,8,1649967918172,"[2, 1, 1, 132, 160, 96, 1, 2, 1, 1395, 3, 1, 5, 1, 7, 3, 1, ""f"", 0, 0, -2]"
debugOCMHPM:debug109SGR,9,1649967919173,"{""phase"": ""INSTRUCTIONS"", ""templates"": [""instructions/instruct_break_f.html""], ""action"": ""Begin""}"
debugOCMHPM:debug109SGR,10,1649967920040,"{""phase"": ""INSTRUCTIONS"", ""template"": ""instructions/instruct_break_f.html"", ""indexOf"": 0, ""action"": ""FinishInstructions"", ""viewTime"": 866}"
debugOCMHPM:debug109SGR,11,1649967924361,"[3, 2, 1, 132, 160, 96, 0, 1, 4, 1804, 2, 4, 8, 0, 2, 6, 1, ""f"", 0, 0, -2]"
debugOCMHPM:debug109SGR,12,1649967925364,"{""phase"": ""INSTRUCTIONS"", ""templates"": [""instructions/instruct_test.html""], ""action"": ""Begin""}"
debugOCMHPM:debug109SGR,13,1649967926952,"{""phase"": ""INSTRUCTIONS"", ""template"": ""instructions/instruct_test.html"", ""indexOf"": 0, ""action"": ""FinishInstructions"", ""viewTime"": 1587}"
debugA46T6N:debug2NTLX7,0,1649968022460,"{""phase"": ""INSTRUCTIONS"", ""templates"": [""instructions/instruct_1.html"", ""instructions/instruct_2.html"", ""instructions/instruct_4f.html"", ""instructions/instruct_5.html"", ""instructions/instruct_6f.html"", ""instructions/instruct_8.html""], ""action"": ""Begin""}"
debugA46T6N:debug2NTLX7,1,1649968023312,"{""phase"": ""INSTRUCTIONS"", ""template"": ""instructions/instruct_1.html"", ""indexOf"": 0, ""action"": ""NextPage"", ""viewTime"": 850}"
debugA46T6N:debug2NTLX7,2,1649968023910,"{""phase"": ""INSTRUCTIONS"", ""template"": ""instructions/instruct_2.html"", ""indexOf"": 1, ""action"": ""NextPage"", ""viewTime"": 595}"
debugA46T6N:debug2NTLX7,3,1649968024989,"{""phase"": ""INSTRUCTIONS"", ""template"": ""instructions/instruct_4f.html"", ""indexOf"": 2, ""action"": ""NextPage"", ""viewTime"": 1078}"
debugA46T6N:debug2NTLX7,4,1649968025870,"{""phase"": ""INSTRUCTIONS"", ""template"": ""instructions/instruct_5.html"", ""indexOf"": 3, ""action"": ""NextPage"", ""viewTime"": 879}"
debugA46T6N:debug2NTLX7,5,1649968026623,"{""phase"": ""INSTRUCTIONS"", ""template"": ""instructions/instruct_6f.html"", ""indexOf"": 4, ""action"": ""NextPage"", ""viewTime"": 752}"
debugA46T6N:debug2NTLX7,6,1649968027558,"{""phase"": ""INSTRUCTIONS"", ""template"": ""instructions/instruct_8.html"", ""indexOf"": 5, ""action"": ""FinishInstructions"", ""viewTime"": 934}"
debugA46T6N:debug2NTLX7,7,1649968031803,"[1, 1, 1, 126, 160, 96, 0, 2, ""G"", 1216, 4, 2, 0, 0, 4, 0, 1, ""f"", 0, 1, -2]"
debugA46T6N:debug2NTLX7,8,1649968050651,"[2, 1, 1, 126, 160, 96, 0, 1, 8, 1320, 8, 4, 8, 1, 8, 1, 1, ""f"", 0, 0, -2]"
debugA46T6N:debug2NTLX7,9,1649968051653,"{""phase"": ""INSTRUCTIONS"", ""templates"": [""instructions/instruct_break_f.html""], ""action"": ""Begin""}"
debugA46T6N:debug2NTLX7,10,1649968053089,"{""phase"": ""INSTRUCTIONS"", ""template"": ""instructions/instruct_break_f.html"", ""indexOf"": 0, ""action"": ""FinishInstructions"", ""viewTime"": 1435}"
debugA46T6N:debug2NTLX7,11,1649968056534,"[3, 2, 1, 126, 160, 96, 0, 1, 3, 922, 2, 3, 7, 0, 2, 7, 1, ""f"", 0, 0, -2]"
debugA46T6N:debug2NTLX7,12,1649968057538,"{""phase"": ""INSTRUCTIONS"", ""templates"": [""instructions/instruct_test.html""], ""action"": ""Begin""}"
debugA46T6N:debug2NTLX7,13,1649968059017,"{""phase"": ""INSTRUCTIONS"", ""template"": ""instructions/instruct_test.html"", ""indexOf"": 0, ""action"": ""FinishInstructions"", ""viewTime"": 1478}"
debug4V7QVR:debug1YK75Z,0,1649968507516,"{""phase"": ""INSTRUCTIONS"", ""templates"": [""instructions/instruct_1.html"", ""instructions/instruct_2.html"", ""instructions/instruct_4f.html"", ""instructions/instruct_5.html"", ""instructions/instruct_6f.html"", ""instructions/instruct_8.html""], ""action"": ""Begin""}"
debug4V7QVR:debug1YK75Z,1,1649968508573,"{""phase"": ""INSTRUCTIONS"", ""template"": ""instructions/instruct_1.html"", ""indexOf"": 0, ""action"": ""NextPage"", ""viewTime"": 1053}"
debug4V7QVR:debug1YK75Z,2,1649968509153,"{""phase"": ""INSTRUCTIONS"", ""template"": ""instructions/instruct_2.html"", ""indexOf"": 1, ""action"": ""NextPage"", ""viewTime"": 578}"
debug4V7QVR:debug1YK75Z,3,1649968510000,"{""phase"": ""INSTRUCTIONS"", ""template"": ""instructions/instruct_4f.html"", ""indexOf"": 2, ""action"": ""NextPage"", ""viewTime"": 846}"
debug4V7QVR:debug1YK75Z,4,1649968511054,"{""phase"": ""INSTRUCTIONS"", ""template"": ""instructions/instruct_5.html"", ""indexOf"": 3, ""action"": ""NextPage"", ""viewTime"": 1052}"
debug4V7QVR:debug1YK75Z,5,1649968512671,"{""phase"": ""INSTRUCTIONS"", ""template"": ""instructions/instruct_6f.html"", ""indexOf"": 4, ""action"": ""NextPage"", ""viewTime"": 1616}"
debug4V7QVR:debug1YK75Z,6,1649968513909,"{""phase"": ""INSTRUCTIONS"", ""template"": ""instructions/instruct_8.html"", ""indexOf"": 5, ""action"": ""FinishInstructions"", ""viewTime"": 1237}"
debug4V7QVR:debug1YK75Z,7,1649968518299,"[1, 1, 1, 165, 159, 95, 1, 1, ""B"", 1347, 4, 2, 0, 0, 4, 0, 1, ""f"", 0, 1, -2]"
debug4V7QVR:debug1YK75Z,8,1649968536733,"[2, 1, 1, 165, 159, 95, 1, 1, 8, 906, 6, 4, 8, 1, 6, 2, 1, ""f"", 0, 0, -2]"
debug4V7QVR:debug1YK75Z,9,1649968537734,"{""phase"": ""INSTRUCTIONS"", ""templates"": [""instructions/instruct_break_f.html""], ""action"": ""Begin""}"
debug4V7QVR:debug1YK75Z,10,1649968538896,"{""phase"": ""INSTRUCTIONS"", ""template"": ""instructions/instruct_break_f.html"", ""indexOf"": 0, ""action"": ""FinishInstructions"", ""viewTime"": 1160}"
debug4V7QVR:debug1YK75Z,11,1649968542207,"[3, 2, 1, 165, 159, 95, 1, 1, 5, 793, 5, 1, 5, 1, 5, 1, 1, ""f"", 0, 0, -2]"
debug4V7QVR:debug1YK75Z,12,1649968543210,"{""phase"": ""INSTRUCTIONS"", ""templates"": [""instructions/instruct_test.html""], ""action"": ""Begin""}"
debug4V7QVR:debug1YK75Z,13,1649968544581,"{""phase"": ""INSTRUCTIONS"", ""template"": ""instructions/instruct_test.html"", ""indexOf"": 0, ""action"": ""FinishInstructions"", ""viewTime"": 1370}"
debug82FGT6:debugEDJP2X,0,1649969057754,"{""phase"": ""INSTRUCTIONS"", ""templates"": [""instructions/instruct_1.html"", ""instructions/instruct_2.html"", ""instructions/instruct_4f.html"", ""instructions/instruct_5.html"", ""instructions/instruct_6f.html"", ""instructions/instruct_8.html""], ""action"": ""Begin""}"
debug82FGT6:debugEDJP2X,1,1649969059616,"{""phase"": ""INSTRUCTIONS"", ""template"": ""instructions/instruct_1.html"", ""indexOf"": 0, ""action"": ""NextPage"", ""viewTime"": 1860}"
debug82FGT6:debugEDJP2X,2,1649969060004,"{""phase"": ""INSTRUCTIONS"", ""template"": ""instructions/instruct_2.html"", ""indexOf"": 1, ""action"": ""NextPage"", ""viewTime"": 386}"
debug82FGT6:debugEDJP2X,3,1649969061123,"{""phase"": ""INSTRUCTIONS"", ""template"": ""instructions/instruct_4f.html"", ""indexOf"": 2, ""action"": ""NextPage"", ""viewTime"": 1118}"
debug82FGT6:debugEDJP2X,4,1649969062132,"{""phase"": ""INSTRUCTIONS"", ""template"": ""instructions/instruct_5.html"", ""indexOf"": 3, ""action"": ""NextPage"", ""viewTime"": 1007}"
debug82FGT6:debugEDJP2X,5,1649969063437,"{""phase"": ""INSTRUCTIONS"", ""template"": ""instructions/instruct_6f.html"", ""indexOf"": 4, ""action"": ""NextPage"", ""viewTime"": 1304}"
debug82FGT6:debugEDJP2X,6,1649969064450,"{""phase"": ""INSTRUCTIONS"", ""template"": ""instructions/instruct_8.html"", ""indexOf"": 5, ""action"": ""FinishInstructions"", ""viewTime"": 1011}"
debug82FGT6:debugEDJP2X,7,1649969069115,"[1, 1, 1, 141, 156, 96, 1, 1, ""B"", 1635, 1, 2, 0, 0, 1, 0, 1, ""f"", 0, 1, -2]"
debug82FGT6:debugEDJP2X,8,1649969088200,"[2, 1, 1, 141, 156, 96, 1, 1, 7, 1559, 6, 3, 7, 1, 6, 3, 1, ""f"", 0, 0, -2]"
debug82FGT6:debugEDJP2X,9,1649969089201,"{""phase"": ""INSTRUCTIONS"", ""templates"": [""instructions/instruct_break_f.html""], ""action"": ""Begin""}"
debug82FGT6:debugEDJP2X,10,1649969090644,"{""phase"": ""INSTRUCTIONS"", ""template"": ""instructions/instruct_break_f.html"", ""indexOf"": 0, ""action"": ""FinishInstructions"", ""viewTime"": 1442}"
debug82FGT6:debugEDJP2X,11,1649969094279,"[3, 2, 1, 141, 156, 96, 1, 1, 7, 1120, 6, 3, 7, 1, 6, 3, 1, ""f"", 0, 0, -2]"
debug82FGT6:debugEDJP2X,12,1649969095283,"{""phase"": ""INSTRUCTIONS"", ""templates"": [""instructions/instruct_test.html""], ""action"": ""Begin""}"
debug82FGT6:debugEDJP2X,13,1649969098126,"{""phase"": ""INSTRUCTIONS"", ""template"": ""instructions/instruct_test.html"", ""indexOf"": 0, ""action"": ""FinishInstructions"", ""viewTime"": 2842}"
debugTR7PMM:debugRRXQHE,0,1649969217776,"{""phase"": ""INSTRUCTIONS"", ""templates"": [""instructions/instruct_1.html"", ""instructions/instruct_2.html"", ""instructions/instruct_4m.html"", ""instructions/instruct_5.html"", ""instructions/instruct_6f.html"", ""instructions/instruct_8.html""], ""action"": ""Begin""}"
debugTR7PMM:debugRRXQHE,1,1649969218907,"{""phase"": ""INSTRUCTIONS"", ""template"": ""instructions/instruct_1.html"", ""indexOf"": 0, ""action"": ""NextPage"", ""viewTime"": 1130}"
debugTR7PMM:debugRRXQHE,2,1649969219683,"{""phase"": ""INSTRUCTIONS"", ""template"": ""instructions/instruct_2.html"", ""indexOf"": 1, ""action"": ""NextPage"", ""viewTime"": 774}"
debugTR7PMM:debugRRXQHE,3,1649969220900,"{""phase"": ""INSTRUCTIONS"", ""template"": ""instructions/instruct_4m.html"", ""indexOf"": 2, ""action"": ""NextPage"", ""viewTime"": 1215}"
debugTR7PMM:debugRRXQHE,4,1649969222296,"{""phase"": ""INSTRUCTIONS"", ""template"": ""instructions/instruct_5.html"", ""indexOf"": 3, ""action"": ""NextPage"", ""viewTime"": 1395}"
debugTR7PMM:debugRRXQHE,5,1649969223640,"{""phase"": ""INSTRUCTIONS"", ""template"": ""instructions/instruct_6f.html"", ""indexOf"": 4, ""action"": ""NextPage"", ""viewTime"": 1342}"
debugTR7PMM:debugRRXQHE,6,1649969225239,"{""phase"": ""INSTRUCTIONS"", ""template"": ""instructions/instruct_8.html"", ""indexOf"": 5, ""action"": ""FinishInstructions"", ""viewTime"": 1598}"
debugTR7PMM:debugRRXQHE,7,1649969229285,"[1, 1, 1, 112, 160, 96, 0, 1, ""B"", 679, 2, 2, 0, 0, 2, 0, 0, ""f"", 0, 1, -2]"
debugTR7PMM:debugRRXQHE,8,1649969247905,"[2, 1, 1, 112, 160, 96, 1, 2, 3, 1084, 4, 3, 7, 1, 5, 4, 0, ""f"", 0, 0, -2]"
debugTR7PMM:debugRRXQHE,9,1649969248910,"{""phase"": ""INSTRUCTIONS"", ""templates"": [""instructions/instruct_break_f.html""], ""action"": ""Begin""}"
debugTR7PMM:debugRRXQHE,10,1649969250877,"{""phase"": ""INSTRUCTIONS"", ""template"": ""instructions/instruct_break_f.html"", ""indexOf"": 0, ""action"": ""FinishInstructions"", ""viewTime"": 1964}"
debugTR7PMM:debugRRXQHE,11,1649969254448,"[3, 2, 1, 112, 160, 96, 1, 1, 8, 1052, 7, 4, 8, 1, 7, 1, 0, ""f"", 0, 0, -2]"
debugTR7PMM:debugRRXQHE,12,1649969255453,"{""phase"": ""INSTRUCTIONS"", ""templates"": [""instructions/instruct_test.html""], ""action"": ""Begin""}"
debugTR7PMM:debugRRXQHE,13,1649969256825,"{""phase"": ""INSTRUCTIONS"", ""template"": ""instructions/instruct_test.html"", ""indexOf"": 0, ""action"": ""FinishInstructions"", ""viewTime"": 1371}"
debug46NPDU:debugDII913,0,1649969340969,"{""phase"": ""INSTRUCTIONS"", ""templates"": [""instructions/instruct_1.html"", ""instructions/instruct_2.html"", ""instructions/instruct_4m.html"", ""instructions/instruct_5.html"", ""instructions/instruct_6c.html"", ""instructions/instruct_8.html""], ""action"": ""Begin""}"
debug46NPDU:debugDII913,1,1649969343121,"{""phase"": ""INSTRUCTIONS"", ""template"": ""instructions/instruct_1.html"", ""indexOf"": 0, ""action"": ""NextPage"", ""viewTime"": 2150}"
debug46NPDU:debugDII913,2,1649969344317,"{""phase"": ""INSTRUCTIONS"", ""template"": ""instructions/instruct_2.html"", ""indexOf"": 1, ""action"": ""NextPage"", ""viewTime"": 1194}"
debug46NPDU:debugDII913,3,1649969345437,"{""phase"": ""INSTRUCTIONS"", ""template"": ""instructions/instruct_4m.html"", ""indexOf"": 2, ""action"": ""NextPage"", ""viewTime"": 1118}"
debug46NPDU:debugDII913,4,1649969346553,"{""phase"": ""INSTRUCTIONS"", ""template"": ""instructions/instruct_5.html"", ""indexOf"": 3, ""action"": ""NextPage"", ""viewTime"": 1115}"
debug46NPDU:debugDII913,5,1649969347522,"{""phase"": ""INSTRUCTIONS"", ""template"": ""instructions/instruct_6c.html"", ""indexOf"": 4, ""action"": ""NextPage"", ""viewTime"": 967}"
debug46NPDU:debugDII913,6,1649969348469,"{""phase"": ""INSTRUCTIONS"", ""template"": ""instructions/instruct_8.html"", ""indexOf"": 5, ""action"": ""FinishInstructions"", ""viewTime"": 946}"
debug46NPDU:debugDII913,7,1649969352522,"[1, 1, 1, 148, 160, 95, 0, 1, ""B"", 1024, 2, 2, 0, 0, 2, 0, 0, ""c"", 0, 1, -2]"
debug46NPDU:debugDII913,8,1649969372023,"[2, 1, 1, 148, 160, 95, 0, 1, 6, 1970, 7, 2, 6, 1, 7, 2, 0, ""c"", 0, 0, -2]"
debug46NPDU:debugDII913,9,1649969373024,"{""phase"": ""INSTRUCTIONS"", ""templates"": [""instructions/instruct_break_c.html""], ""action"": ""Begin""}"
debug46NPDU:debugDII913,10,1649969374466,"{""phase"": ""INSTRUCTIONS"", ""template"": ""instructions/instruct_break_c.html"", ""indexOf"": 0, ""action"": ""FinishInstructions"", ""viewTime"": 1441}"
debug46NPDU:debugDII913,11,1649969377956,"[3, 2, 1, 148, 160, 95, 1, 2, 4, 979, 4, 4, 8, 1, 5, 4, 0, ""c"", 0, 0, -2]"
debug46NPDU:debugDII913,12,1649969378960,"{""phase"": ""INSTRUCTIONS"", ""templates"": [""instructions/instruct_test.html""], ""action"": ""Begin""}"
debug46NPDU:debugDII913,13,1649969380005,"{""phase"": ""INSTRUCTIONS"", ""template"": ""instructions/instruct_test.html"", ""indexOf"": 0, ""action"": ""FinishInstructions"", ""viewTime"": 1044}"
debug46NPDU:debugDII913,14,1649969381910,"[4, 3, 1, 148, 160, 95, 0, 2, 3, 395, 1, 3, 6, 1, 7, 1, 0, ""c"", 1, 0, -2]"
debug46NPDU:debugDII913,15,1649969437718,"{""phase"": ""postquestionnaire"", ""status"": ""begin""}"
debug46NPDU:debugDII913,16,1649969438934,"{""phase"": ""postquestionnaire"", ""status"": ""submit""}"
debug339NH9:debug43PSN6,0,1649969567128,"{""phase"": ""INSTRUCTIONS"", ""templates"": [""instructions/instruct_1.html"", ""instructions/instruct_2.html"", ""instructions/instruct_4m.html"", ""instructions/instruct_5.html"", ""instructions/instruct_6f.html"", ""instructions/instruct_8.html""], ""action"": ""Begin""}"
debug339NH9:debug43PSN6,1,1649969568097,"{""phase"": ""INSTRUCTIONS"", ""template"": ""instructions/instruct_1.html"", ""indexOf"": 0, ""action"": ""NextPage"", ""viewTime"": 967}"
debug339NH9:debug43PSN6,2,1649969568552,"{""phase"": ""INSTRUCTIONS"", ""template"": ""instructions/instruct_2.html"", ""indexOf"": 1, ""action"": ""NextPage"", ""viewTime"": 453}"
debug339NH9:debug43PSN6,3,1649969569511,"{""phase"": ""INSTRUCTIONS"", ""template"": ""instructions/instruct_4m.html"", ""indexOf"": 2, ""action"": ""NextPage"", ""viewTime"": 958}"
debug339NH9:debug43PSN6,4,1649969570502,"{""phase"": ""INSTRUCTIONS"", ""template"": ""instructions/instruct_5.html"", ""indexOf"": 3, ""action"": ""NextPage"", ""viewTime"": 990}"
debug339NH9:debug43PSN6,5,1649969571041,"{""phase"": ""INSTRUCTIONS"", ""template"": ""instructions/instruct_6f.html"", ""indexOf"": 4, ""action"": ""NextPage"", ""viewTime"": 537}"
debug339NH9:debug43PSN6,6,1649969572113,"{""phase"": ""INSTRUCTIONS"", ""template"": ""instructions/instruct_8.html"", ""indexOf"": 5, ""action"": ""FinishInstructions"", ""viewTime"": 1071}"
debug339NH9:debug43PSN6,7,1649969575882,"[1, 1, 1, 124, 160, 96, 1, 2, ""G"", 740, 3, 2, 0, 0, 3, 0, 0, ""f"", 0, 1, -2]"
debug339NH9:debug43PSN6,8,1649969596287,"[2, 1, 1, 124, 160, 96, 1, 1, 3, 1131, 2, 3, 7, 0, 2, 6, 0, ""f"", 0, 0, -2]"
debug339NH9:debug43PSN6,9,1649969598287,"{""phase"": ""INSTRUCTIONS"", ""templates"": [""instructions/instruct_break_f.html""], ""action"": ""Begin""}"
debug339NH9:debug43PSN6,10,1649969621915,"{""phase"": ""INSTRUCTIONS"", ""template"": ""instructions/instruct_break_f.html"", ""indexOf"": 0, ""action"": ""FinishInstructions"", ""viewTime"": 23627}"
debug339NH9:debug43PSN6,11,1649969625083,"[3, 2, 1, 124, 160, 96, 0, 1, 1, 655, 1, 1, 5, 0, 1, 7, 0, ""f"", 0, 0, -2]"
debug339NH9:debug43PSN6,12,1649969626088,"{""phase"": ""INSTRUCTIONS"", ""templates"": [""instructions/instruct_test.html""], ""action"": ""Begin""}"
debug339NH9:debug43PSN6,13,1649969627950,"{""phase"": ""INSTRUCTIONS"", ""template"": ""instructions/instruct_test.html"", ""indexOf"": 0, ""action"": ""FinishInstructions"", ""viewTime"": 1862}"
debug339NH9:debug43PSN6,14,1649969631209,"[4, 3, 1, 124, 160, 96, 1, 2, 8, 1745, 5, 4, 8, 0, 4, 5, 0, ""f"", 1, 0, -2]"
debug339NH9:debug43PSN6,15,1649969714352,"{""phase"": ""postquestionnaire"", ""status"": ""begin""}"
debug339NH9:debug43PSN6,16,1649969715440,"{""phase"": ""postquestionnaire"", ""status"": ""submit""}"
